Status_LaunchCheckingFiles	正在检查游戏文件...
Status_LaunchRevalidatingFiles	正在重新检查全部游戏文件...
Resources_ModProjectsLoadError	加载模组列表失败，请稍后重试。
Account_OfflineUuidStandardDescription	根据账户名称自动生成 UUID，兼容多数离线服务器。
Resources_ModRequiredDependenciesDialogMessage	当前的模组需要前置模组
Account_AddSkinButton	添加皮肤
Resources_WorldVersionsEmpty	没有适用于该游戏的世界版本
Multiplayer_LobbyRoomCodeCopyFailed	复制房间代码失败，请稍后重试。
Settings_BackgroundImageRefreshButton	换一张
Dialog_UserAgreementAgreeButton	同意
Download_LoaderVersionStableTag	稳定版
Download_BetaCategory	beta版
Dialog_TerracottaDownloadComplete	联机模块已就绪。
Dialog_RenameInstanceTitle	修改名称
Dialog_MultiplayerLeaveJoinedLobbyConfirmButton	离开房间
Status_AccountRenameFailedDuplicateName	账户名修改失败：这个用户名已被使用。
Settings_SectionTheme	主题
Multiplayer_LobbyTerracottaExited	Terracotta 联机模块已停止，房间已自动解散。
Resources_WorldFilterTypeSurvival	生存
Status_ModDownloading	正在下载模组...
GameSettings_ExportPackDisabledModsLabel	导出已禁用模组
Status_MicrosoftApplicationNotAuthorized	StartRide Launcher 尚未获得 Minecraft 登录服务授权，请稍后重试。
Download_LoadingVersions	正在获取 Minecraft 版本列表...
Resources_WorldProjectsLoadError	加载世界列表失败，请稍后重试。
Multiplayer_LobbyOwnerPlaceholder	玩家
Settings_LanguageRestartNotice	语言将在重启应用后生效。
Status_LoaderVersionsLoadFailedFormat	{0} 版本列表加载失败，请稍后重试。
Status_OfflineUuidModeChangedFormat	离线 UUID 生成方式已切换为 {0}
Resources_ShaderPackDownloadFileExistsMessageFormat	下载位置已存在同名文件：{0}
Status_LaunchRunningLoaderInstaller	正在重建 Loader 运行库...
Status_ShaderPackDownloadedFormat	{0} 已下载
GameSettings_ModLoaderCategory	可装模组
Settings_ReferenceProjectsSection	引用的项目
Download_QuiltLibraryLatestTag	最新
Status_CapeRemoved	已移除当前披风
Status_ResourcePackDownloadingFormat	正在下载 {0}
Resources_ModFilterTypeLibrary	库/API
Dialog_UpdateAvailableTitle	发现新版本
Dialog_UpdateButton	更新
Resources_ModFilterAllLoaders	所有加载器
GameSettings_DropSaveArchivesOnlyMessage	当前页面仅支持拖入存档压缩包。
DownloadTask_Running	下载中
Status_ChangingCape	正在更换披风...
Resources_ModpackProjectsLoading	正在加载整合包...
Home_UnpinLaunchMenuTooltip	取消固定游戏菜单
Status_UploadingSkin	正在上传皮肤...
Dialog_LaunchAnalysisOutOfMemoryDetail	Java 虚拟机在启动或运行时内存不足。
Dialog_AddThirdPartyAccountSubtitle	填写外置认证服务器和账户信息。
Status_TerracottaReady	Terracotta 联机模块已就绪。
GameSettings_SaveManagementSearchEmptyMessage	没有匹配的存档
GameSettings_ModManagementFilterAllButton	全部
Status_InstanceCreatedFormat	游戏 {0} 已创建
Resources_ShaderPackFilterTypeRealistic	真实
Resources_ModRequiredDependencyVersionFormat	版本：{0}
GameSettings_BackupDefaultNameFormat	备份 {0}
Multiplayer_LobbyLatencyFormat	{0} ms
Dialog_UserAgreementMessage	欢迎使用 StartRide Launcher。使用本软件即表示您已阅读、理解并同意用户协议。请在继续前阅读协议内容。
Dialog_ReplaceModImportTitle	替换模组
Dialog_Replace_Button	替换
GameSettings_ExportVersionLabel	版本
Launch_Button	启动游戏
Settings_OpenLauncherLogDirectoryButton	打开目录
Status_LoadingAccountProfile	正在读取正版账户资料...
GameSettings_SaveManagementEmptyMessage	当前没有可用存档
Status_MicrosoftCredentialStorageFailed	无法安全保存正版账户登录信息。
Home_PinLaunchMenuTooltip	固定游戏菜单
Multiplayer_LobbyPlayerRoleSelf	我
Multiplayer_LobbyPlayerRoleHost	房主
Settings_SystemTotalMemoryLabel	系统最大内存
Resources_ModDetailsLoaderLabel	加载器
GameSettings_LaunchAutoJoinServerOption	启动后自动加入服务器
Status_SkinModelChanged	皮肤模型已更改，点击应用后同步到官网。
Dialog_LaunchAnalysisGameFileIntegrityCorruptedDetailFormat	检测到损坏的游戏文件：{0}
Dialog_LaunchAnalysisOutOfMemoryRecommendation	请在启动设置中适当增加内存，或减少资源包、光影和大型模组。
Dialog_AddAccountAlreadyExistsTitle	账号已存在
Settings_SectionGeneral	通用
Dialog_AddMicrosoftAccountSubtitle	请在弹出的 Microsoft 官方页面完成登录。
Status_SelectedShaderPacksDeleteFailed	删除所选光影包失败，请稍后重试。
Dialog_LaunchAnalysisDetailConflictFormat	检测到与 {0} 相关的模组冲突。
Status_BackupRestoreFailed	恢复备份失败，请稍后重试。
GameSettings_ExportSettingsSection	导出设置
Account_UuidHeader	UUID
Dialog_LaunchAnalysisGameFileIntegrityProcessorRegenerationFailedDetail	Loader 安装程序未能重新生成启动所需文件。
Resources_WorldVersionsNoMore	没有更多世界版本
Account_ChangeSkinButton	更换皮肤
Resources_ModpackFilterTypeQuests	任务
Dialog_CloseWithDownloadsTitle	有下载任务正在进行
Settings_JavaSelectionLabel	Java 选择
Status_ModpackUnsupportedLoader	当前仅支持 Vanilla、Fabric、Forge、NeoForge、Quilt 整合包
Status_FabricLoaderVersionsLoadFailed	Fabric 版本列表加载失败，请稍后重试。
Settings_LanguageTraditionalChinese	繁體中文
Resources_ModDetailsTagsLabel	标签
Download_LocalImportDialogSubtitle	导入本地游戏或整合包，可选择文件或直接拖入文件。
Status_InstanceSettingsSaveFailed	游戏设置保存失败，请稍后重试。
Status_JavaSelectionFailed	Java 选择不可用，请检查全局设置中的 Java 配置。
Dialog_CustomFileDownloadTitle	新建下载任务
Status_ModpackProcessingFiles	正在处理整合包文件
Account_ThirdPartyPlatformFormat	{0} · {1}
GameSettings_ModManagementOpenFolderButton	打开模组文件夹
Account_OfflineUuidManualDescription	使用指定的 UUID，点击“应用”后保存，改名后保持不变。
Dialog_DeleteMultipleBackupsMessageFormat	确认删除这 {0} 个备份吗？将优先移入系统回收站；回收站不可用时将直接删除。
Download_FabricApiLabel	安装 Fabric API（推荐）
Nav_DefaultSettings	默认设置
Settings_ControlDemoStatusLabel	状态文本
GameSettings_SaveManagementLoading	正在加载存档...
Dialog_ExportLaunchReportButton	导出报告
Dialog_DeleteAccountMessage	是否确定删除该账户？
Account_ThirdPartyServerRequired	请输入认证服务器地址
Resources_WorldCurseForgeMissingApiKey	未配置 CurseForge API Key，无法加载世界结果。
Resources_ModpackVersionsLoadingMore	正在加载更多整合包版本...
Settings_MemoryModeLabel	内存设置模式
Resources_WorldDownloadFileExistsMessageFormat	下载位置已存在同名文件：{0}
GameSettings_SaveManagementSaveListSection	存档列表
Status_CheckUpdatesFailed	检查更新失败，请稍后重试。
Settings_ControlDemoComboBoxLabel	下拉选择框
Dialog_SkinManagerTitle	管理皮肤
Settings_ControlDemoStatusReady	等待交互
Dialog_LaunchAnalysisGameFileIntegrityEnableAutoRepairRecommendation	请开启“缺失文件自动补全”后重试，或重新安装该实例。
Settings_ControlDemoListBoxLabel	选择列表
Resources_ShaderPackVersionsEmptyLocal	没有可用的光影包版本
GameSettings_ModManagementInfoSection	模组概览
Status_LaunchFailed	启动失败，请稍后重试。
Account_TypeThirdPartyDescription	使用外置认证服务器登录。
Account_PasswordLabel	密码
GameSettings_BackupSelectAllButton	全选
Dialog_SkinManagerEmpty	暂无已添加的皮肤
Dialog_RenameAccountFailedTitle	修改失败
GameSettings_ExportAuthorHint	作者仅对 CurseForge 整合包格式生效，Modrinth 格式不包含作者字段。
Retry_Button	重试
GameSettings_ShaderPackManagementOpenFolderButton	打开光影包文件夹
Resources_ModRequiredDependenciesDialogTitle	缺少前置模组
Settings_MinecraftDirectoryListLabel	Minecraft 目录列表
Account_ThirdPartyProfileMissing	认证服务器未返回该用户名对应的角色
Resources_ModFilterAllVersions	所有版本
Account_ThirdPartyDropReleaseToAdd	松手以添加第三方账户
FilePicker_CustomFileDownloadTitle	保存自定义下载文件
Dialog_MinecraftDirectoryStartupRecoveryFailedMessageFormat	启动器无法创建或保存可用的 Minecraft 目录：\n\n{0}\n\n启动器将退出。请检查该目录的访问权限和启动器设置是否可写，然后重试。
Dialog_ThirdPartyProfileSelectionSubtitle	选择要导入的一个或多个角色。
Resources_ShaderPackProjectsLoading	正在加载光影包...
Download_LocalImportDialogTitle	本地导入
Status_LocalShaderPacksImportedFormat	已导入 {0} 个光影包
Resources_ModFilterAllSources	所有来源
Dialog_RenameInstanceFailedTitle	修改失败
Page_Resources	资源中心
Status_LaunchReportExportPartialFormat	报告已导出 {0} 个文件，另有 {1} 个文件不可用。
GameSettings_DeleteInstanceTooltip	删除版本
Status_UserAgreementSaveFailed	无法保存用户协议接受状态，请重试。
Resources_ModpackFilterAllLoaders	全部加载器
Back_Tooltip	返回
GameSettings_CustomGameArgumentsOption	追加游戏参数
Dialog_DeleteSingleSaveMessageFormat	确认删除存档“{0}”吗？将优先移入系统回收站；回收站不可用时将直接删除。
Status_OpenModFileLocationFailed	打开模组文件位置失败，请稍后重试。
Status_CapeChangedFormat	已更换披风：{0}
Dialog_MultiplayerLeaveJoinedLobbyMessage	离开后将断开与房间的连接。
Status_ServerDeployFailed	整合包服务端部署失败
Dialog_LaunchAnalysisMissingFilesDetail	启动过程缺少关键游戏文件、库文件或启动目标。
Dialog_AddAccountTitle	添加账户
Dialog_RestoreBackupTitle	恢复备份
Resources_ModLoadersUnknown	未知加载器
Resources_ModpackFilterTypeKitchenSink	综合
Resources_ResourcePackFilterTypeVanillaLike	原版风格
GameSettings_GeneralDescriptionSection	描述
FilePicker_ModpackDownloadDirectoryTitle	选择整合包下载目录
Status_LauncherAlreadyLatest	当前已是最新版本
GameSettings_InstanceNameLabel	版本名称
Dialog_TerracottaProjectLink	Terracotta | 陶瓦联机项目
Dialog_AddOfflineAccountSubtitle	如果您尚未拥有正版 Minecraft，请始终优先考虑购入正版  Minecraft。
Status_ModCompatibleFileNotFound	没有找到与当前游戏兼容的模组文件。
Dialog_LaunchAnalysisOriginalReasonLabel	原始原因
Settings_UpdateChannelBetaTitle	测试版
Status_ServerDeployedFormat	服务端已部署到 {0}
Resources_ModVersionsLoadMoreError	加载更多模组版本失败，请稍后重试。
Dialog_TerracottaAgreeButton	同意
GameSettings_ResourcePackManagementCancelMultiSelectButton	取消多选
Status_ShaderPackDownloadingFormat	正在下载 {0}
Download_InstallButton	安装
Dialog_TerracottaDownloadFailed	下载失败，您可以重试或暂不启用联机功能。
Nav_GameInstanceList	游戏设置
Resources_ShaderPackFilterTypeSemiRealistic	半真实
GameSettings_SelectInstanceAndGoHomeTooltip	返回主页并选择此版本
Dialog_AddThirdPartyAccountTitle	第三方账户
Refresh_Button	刷新
GameSettings_LaunchFullScreenOption	全屏启动
Status_LocalSaveImportFileNotFound	找不到要导入的存档压缩包。
Settings_ControlDemoDefaultInput	可以在这里输入文字
Resources_ModProjectsEmpty	没有找到匹配的模组
Settings_BackgroundImageClearButton	清除图片
GameSettings_InstanceNameValidation	名称不能为空，且不能包含文件名非法字符。
Status_SelectedSavesDeleteFailed	删除所选存档失败，请稍后重试。
Nav_JavaMemory	Java/内存
Cape_NoneState	不使用披风
Settings_ThemeDarkTitle	深色
Status_ServerDeploying	正在部署整合包服务端...
Resources_ModpackFilterTypeExploration	探索
Resources_ResourcePackVersionsEmpty	没有适用于该游戏的资源包版本
Resources_ShaderPackInstallTargetsLoadError	游戏列表加载失败
Settings_ControlDemoSearchBoxLabel	搜索框
Dialog_RenameAccountTitle	修改账户名
Resources_ShaderPackInstallTargetsLoading	正在加载游戏列表...
Dialog_MicrosoftAccountExpiredTitle	正版账户已过期
Status_LoadAccountProfileFailed	读取正版账户资料失败，请稍后重试。
Status_InstanceRenamedFormat	已将版本修改为 {0}
Dialog_AddMicrosoftAccountTitle	正版登录
Status_ModpackExportInvalidRequest	导出信息不完整，无法导出整合包。
Resources_ModDetailsDownloadsLabel	下载次数
Settings_ThemeSelectionLabel	外观设置
Dialog_AddAccountSubtitle	选择要添加的账户类型。
Dialog_InvalidShaderPackImportTitle	无法导入光影包
Dialog_DeleteSingleShaderPackMessageFormat	确认删除光影包“{0}”吗？将优先移入系统回收站；回收站不可用时将直接删除。
GameSettings_DropImportSavesMessage	释放以导入存档
Status_DeleteInstanceFailed	删除版本失败，请稍后重试。
Resources_WorldDetailsInfoSection	世界信息
Settings_LanguageSection	启动器语言
GameSettings_DropReleaseToImportMessage	松手以导入文件
Status_DownloadingLauncherUpdate	正在下载更新...
Settings_MemorySizeGbFormat	{0:F1} GB
Settings_ControlDemoSelectionSection	选择控件
Settings_JavaListLoading	正在扫描本机 Java...
Download_LocalImportDropZoneSubtitle	也可以使用左下角的“选择文件”按钮。
GameSettings_LaunchSettingsModePerInstance	游戏单独设置
Status_ModpackImportedFormat	{0} 已导入完成
Status_ResourceProjectInstanceDestinationInvalid	请选择当前实例对应的模组、资源包或光影包目录，不能保存到其他位置。
Settings_ControlPrimaryButton	主按钮
GameSettings_NoInstances	还没有已下载的游戏。
Settings_ThemeSection	启动器外观
Dialog_LaunchAnalysisGameFileIntegrityDownloadFailedDetail	自动修复所需的游戏文件下载失败。
Account_ThirdPartyUsernameUnsupported	该认证服务器不支持用户名登录
Multiplayer_Join_InvalidRoomCode	房间代码格式无效，请检查后重试。
GameSettings_InstanceSubtitleLoaderWithoutVersionFormat	{0} {1}
Resources_ShaderPackCurseForgeMissingApiKey	未配置 CurseForge API Key，当前仅显示 Modrinth 结果。
Status_AccountRenameFailedNotAllowed	账户名修改失败：这个账户暂时不能改名，可能还未满 30 天冷却期。
Dialog_DeleteBackupMessageFormat	确认删除备份“{0}”吗？将优先移入系统回收站；回收站不可用时将直接删除。
Resources_WorldProjectsNoMore	没有更多世界
Status_ModDownloadFailed	模组下载失败
Dialog_CreateBackupSubtitle	输入这个备份的名称。
Dialog_ClearLauncherLogsTitle	清理启动器日志
Resources_ModDetailsSourceLabel	来源
Status_BackupDeleted	备份已删除。
Dialog_LaunchAnalysisMissingClasspathEntryDetailFormat	启动命令引用了不存在的文件：{0}
Status_LocalModImportFailed	导入本地模组失败，请确认选择的是有效的模组文件。
GameSettings_PreLaunchCommandOption	启动前执行命令
Status_SettingsSaveFailed	启动器设置保存失败，请稍后重试。
Dialog_JavaRequirementNotMetMessageFormat	自动选择 Java 时没有找到满足当前版本要求的 Java。当前版本至少需要 Java {0}。请到设置中刷新或导入合适的 Java 后再启动游戏。
Multiplayer_Create_TerracottaUnavailable	Terracotta 联机模块不可用，请重新进入联机页面后重试。
Status_MicrosoftAuthenticationServerUnavailable	Microsoft 登录服务暂时不可用，请稍后重试。
Dialog_MicrosoftAccountExpiredMessageFormat	账户“{0}”的登录状态已过期。点击“确定”后将打开浏览器，请重新登录。
Resources_ModUnknownInstanceVersionMessage	无法识别这个游戏的版本，请手动选择
Resources_ModFilterSourceLabel	来源
Resources_WorldFilterAllLoaders	全部
Settings_RenameMinecraftDirectoryButton	改名
Settings_CustomFileDownloadNewTaskLabel	新建下载任务
Dialog_JavaManualVersionTooLowTitle	Java 版本不满足要求
Status_InstanceRenameUnchanged	版本名称和图标没有变化。
Status_LoadInstancesFailed	游戏加载失败，请稍后重试。
Resources_ShaderPackProjectsLoadingMore	正在加载更多光影包...
GameSettings_DetailModManagement	模组
Dialog_RenameInstanceResultSubtitle	点击确定返回版本详情。
Resources_ModUnknownInstanceVersionTitle	无法识别游戏版本
Status_SkinDeleted	皮肤已删除
Status_ShaderPackDownloading	正在下载光影包...
Status_ModpackExportMissingCurseForgeApiKey	缺少 CurseForge API Key，无法识别本地文件。
GameSettings_SaveManagementDeleteButton	删除
Dialog_ThirdPartyImportResultTitle	部分角色导入失败
Resources_ModVersionsNoMore	没有更多模组版本
Status_LocalResourcePackImportFailed	导入本地资源包失败，请稍后重试。
Settings_GameLanguageSection	游戏语言
Multiplayer_LobbyLatencyPlaceholder	xxx ms
Settings_DataDirectoryLabel	启动器数据目录
Resources_ModpackVersionsAllTitle	全部版本
Download_FabricLoaderVersionLabel	Fabric 版本
Download_FabricLoaderVersionEmpty	无可用版本
Dialog_InvalidResourcePackImportTitle	无法导入资源包
Dialog_MultiplayerLeaveLobbyMessage	退出后房间将被解散，其他玩家也会断开连接。是否确认退出？
Dialog_LaunchAnalysisGameFileIntegrityMissingDetailFormat	启动所需文件缺失：{0}
Settings_ControlDemoListItemTitle	列表项按钮
Account_ThirdPartyUsernameRequired	请输入用户名或邮箱
GameSettings_CustomJvmArgumentsOption	追加 JVM 参数
Status_SelectMinecraftVersionFirst	请先选择 Minecraft 版本
Resources_ModDownloadsTenThousandFormat	{0:0.##}万
GameSettings_SaveManagementActionsLabel	操作
Dialog_ReauthenticateMicrosoftAccountSubtitle	登录已过期，请在浏览器中重新完成 Microsoft 授权。
Multiplayer_LobbyRoomCodeHeader	房间代码
Status_SelectedModsDeleteFailed	删除所选模组失败，请稍后重试。
Status_NoMatchingVersions	没有找到匹配的版本。
Dialog_SkinModelSubtitle	请选择当前皮肤使用的模型。
Status_ModpackExported	整合包已导出
Account_AuthenticationServerPlaceholder	如 https://littleskin.cn/api/yggdrasil
Status_QuiltLibraryVersionsLoadFailed	QFAPI / QSL 版本列表加载失败，已改为不安装。
GameSettings_DetailsPlaceholderBody	这里会继续补充这个版本的详细设置项，下一步将接入更多可编辑内容。
Status_LoadLocalSavesFailed	加载存档列表失败，请稍后重试。
Dialog_MinecraftDirectoryStartupSwitchedMessageFormat	上次选择的 Minecraft 目录已失效：\n\n{0}\n\n启动器已自动切换到：\n\n{1}
Status_LaunchAccountUnavailable	当前账户无法启动游戏，请重新登录或切换账户。
GameSettings_BackupChangeDirectoryButton	更改目录
Status_BackupCreating	正在备份
Status_ModpackExportFailed	导出整合包失败，请稍后重试。
Status_CheckingUpdates	正在检查更新...
Status_LaunchReportExportSucceededFormat	报告已导出，共包含 {0} 个文件。
Dialog_RenameAccountSuccessTitle	修改成功
Settings_BackgroundEffectImageTitle	图片
FilePicker_ModpackExportArchiveFilter	CurseForge 整合包 (*.zip)|*.zip|所有文件 (*.*)|*.*
Download_QuiltLibraryLoading	正在读取 QFAPI / QSL...
Dialog_LaunchAnalysisJavaVersionRecommendationFormat	请在设置中导入或选择 Java {0} 或更高，然后重新启动该实例。
Resources_ShaderPackInstallTargetSection	选择要安装到的游戏
Status_LaunchCheckingJava	正在检查 Java 运行环境...
Dialog_RenameInstanceBusySubtitle	正在更新版本目录和配置，请稍候。
Status_ShaderPackDownloadFailed	光影包下载失败
Dialog_LaunchAnalysisGameFileIntegrityCorruptedDetail	检测到损坏的游戏文件。
Dialog_UnsupportedSaveArchiveMessage	暂不支持导入该压缩格式。
Status_SelectedModsEnabledFormat	已启用 {0} 个模组
Settings_BackgroundEffectNoneTitle	无
Resources_ModpackFilterTypeAdventure	冒险
Resources_WorldProjectsEmpty	没有找到匹配的世界
Status_AddMinecraftDirectoryFailed	添加 .minecraft 目录失败，请确认目录存在且可以访问。
GameSettings_OpenInstanceFolderTooltip	打开文件夹位置
Download_AncientCategory	远古版
GameSettings_LaunchMinimizeLauncherOption	启动后最小化启动器
Download_AddonLibraryLoading	正在读取版本...
Resources_ResourcePackInstallTargetsLoadError	游戏列表加载失败
GameSettings_BackupPreRestoreNameFormat	恢复前备份 {0}
Status_ResourceProjectDownloadAlreadyRunning	这个资源已有正在进行的下载任务。
Status_ServerDirectoryExistsFormat	服务端目录“{0}”已存在，请选择其他位置。
Resources_ModpackFilterTypeMultiplayer	多人
Settings_UserAgreement	用户协议
GameSettings_ResourcePackManagementMultiSelectButton	多选
Resources_ShaderPackProjectsEmpty	没有找到匹配的光影包
Home_ChooseOrCreateAccount	选择或创建账户以进行游戏。
Status_InstallDownloadingLoaderInstaller	正在下载加载器安装程序...
Settings_LauncherLogDirectoryDescription	启动器日志目录
Resources_ModFilterTypeLabel	类型
Resources_ModFilterTypeMagic	魔法
Status_OpenModpackManualDownloadsFileFailed	打开补档清单失败，请稍后重试。
Status_SelectedModsDeletePartialFailedFormat	已删除 {0} 个模组，{1} 个失败
Multiplayer_Join_RoomCodePlaceholder	请输入房间代码
FilePicker_WorldDownloadDirectoryTitle	选择世界下载目录
FilePicker_ModFileFilter	模组文件|*.jar|所有文件|*.*
Status_SelectedModsDeletedFormat	已删除 {0} 个模组
Account_UsernameOrEmailLabel	用户名或邮箱
GameSettings_ModManagementMultiSelectButton	多选
Status_ModpackDownloadingFiles	正在下载整合包文件
Download_SnapshotCategory	快照版
Dialog_SkinFormatErrorTitle	皮肤格式错误
Resources_ResourcePackProjectsLoadError	加载资源包列表失败，请稍后重试。
GameSettings_BackupCancelSelectAllButton	取消全选
Nav_Mod	模组
Status_LaunchRepairingAssets	正在补齐游戏资源...
Multiplayer_LobbyRoomCodeCopied	已复制房间代码
Nav_Shaders	光影
Download_LocalImportUnrecognizedMessage	无法识别所选文件，请选择受支持的整合包文件
Settings_AddMinecraftDirectoryButton	添加目录
Status_SkinUpdateFailed	更换皮肤失败，请稍后重试。
Status_LoaderVersionsPendingFormat	{0} 后续版本接入
Status_BackupCreated	备份成功
Status_LoadLocalShaderPacksFailed	加载光影包列表失败，请稍后重试。
GameSettings_BackupCancelMultiSelectButton	取消多选
FilePicker_SaveArchiveTitle	选择存档压缩包
Home_LaunchInstanceSubtitleFormat	Minecraft {0} · {1}
Nav_Worlds	世界
GameSettings_ResourcePackManagementActionsLabel	操作
Status_InstanceRenameFailed	修改版本失败，请稍后重试。
Settings_CheckUpdatesButton	检查更新
Resources_ModpackVersionsEmptyLocal	没有可下载的整合包版本
Settings_LanguageJapanese	日本語
Status_WorldInstalledFormat	{0} 已安装
Status_OpenLocalResourcePackFolderFailed	打开资源包目录失败，请稍后重试。
Status_JavaAlreadyExists	已存在这个 Java
Resources_ModDownloadsFormat	{0} 下载
Status_OpenUserAgreementFailed	无法打开用户协议，请检查系统浏览器设置后重试。
Status_LaunchProcessExited	游戏进程已退出，已记录诊断日志。
Dialog_ThirdPartyImportProgressSubtitle	正在保存角色资料和登录信息。
Status_InstallingLoaderFormat	正在安装 {0} {1}...
Settings_UserAgreementDescription	查看使用本软件时适用的条款与重要声明
Account_TypeMicrosoftTitle	正版账户
Dialog_LaunchAnalysisOutOfMemoryTitle	内存不足
Multiplayer_Join_ClipboardEmpty	剪贴板中没有可用的房间代码。
Download_AddonLibraryLatestTag	最新
Dialog_LaunchAnalysisGameFileIntegrityMetadataIncompleteRecommendation	请恢复或重新安装当前版本的元数据后重试。
Resources_ModProjectsNoMore	没有更多模组
Settings_SystemMemorySummaryLabel	当前可用内存/系统最大内存
Account_SkinModelSlimDescription	Alex 模型，手臂宽度为 3 像素。
FilePicker_MinecraftDirectoryTitle	选择 .minecraft 目录
Dialog_UserAgreementDisagreeButton	不同意并退出
Install_Empty	当前没有下载内容
Account_UsernameLabel	用户名
Status_ReadLauncherBackgroundImagesFailed	无法读取启动器背景图片，请检查图片文件夹权限。
Resources_ModpackVersionsLoading	正在加载可用整合包版本...
DownloadTask_Preparing	准备下载...
Dialog_MinecraftDirectoryStartupRecoveryTitle	当前 Minecraft 目录不可用
Settings_UpdateSection	启动器更新
Dialog_LaunchAnalysisDetailMissingDependencyFormat	{0} 需要依赖 {1}，但当前实例未安装该依赖。
Settings_ControlDemoListItemTrailing	示例
Status_SelectedResourcePacksDeleteFailed	删除所选资源包失败，请稍后重试。
GameSettings_DetailGeneral	通用
Resources_PlaceholderMessage	请选择一个资源分类。
Account_SkinActiveState	当前应用
FilePicker_JavaExecutableTitle	选择 Java 可执行文件
GameSettings_ResourcePackManagementEmptyMessage	当前没有可用资源包
Dialog_CreateBackupNameValidation	备份名称不能为空。
Status_ShaderPackInstalledFormat	{0} 已安装
Status_LaunchInstanceRepairFailed	当前实例缺少关键文件，且无法在不新增版本的情况下自动补齐，请重新安装该实例或检查版本文件。
Resources_WorldVersionsAllTitle	全部版本
Resources_ModVersionsLoadError	模组版本加载失败
Dialog_CustomFileDownloadAddressLabel	地址：
Nav_ResourcePacks	资源包
Dialog_CustomFileDownloadDownloadButton	下载
Dialog_LoginSuccessTitle	登录成功
Resources_WorldFilterTypeAdventure	冒险
Dialog_JavaManualVersionIncompatibleMessageFormat	“{0}” 推荐使用 Java {1}，但当前手动选择的 Java {2} 与该游戏或加载器不兼容。建议转到设置选择合适的 Java；也可以强制启动，但游戏可能仍会异常退出。
Dialog_UnsupportedResourcePackArchiveMessage	当前仅支持导入 .zip 资源包。
Status_MicrosoftAuthenticationTimedOut	Microsoft 登录等待超时，请重试。
Settings_ControlDemoFeedbackSection	反馈控件
Status_ResourcePackDownloadedFormat	{0} 已下载
Settings_SectionControlList	控件列表
Resources_ModpackInstallTargetsLoading	正在准备安装方式...
Status_LaunchRepairingJar	正在补齐当前实例 jar 文件...
Settings_ControlDemoListItemSubtitle	包含图标、标题、副标题和尾随文本
Search_Placeholder	搜索
GameSettings_ResourcePackManagementSearchEmptyMessage	没有匹配的资源包
Dialog_SwitchMinecraftDirectoryTitle	切换 .minecraft 目录
Home_GameSettingsButton	游戏设置 >
Settings_ClearLauncherLogsConfirmButton	清理
GameSettings_ShaderPackManagementActionsLabel	操作
Status_ServerDistributionRestricted	作者限制了第三方下载，无法获取此服务端包。
GameSettings_ExportModpackNameLabel	整合包名称
Status_OpenLocalShaderPackFolderFailed	打开光影包目录失败，请稍后重试。
Dialog_ReauthenticateMicrosoftAccountTitle	重新登录正版账户
GameSettings_BackupSearchEmpty	没有找到匹配的备份
Status_SelectedShaderPacksDeletedFormat	已删除 {0} 个光影包
Settings_AccentSection	强调色
Resources_ModDownloadFileExistsTitle	已有同名文件
FilePicker_CustomFileDownloadFilter	所有文件 (*.*)|*.*
Confirm_Button	确定
Dialog_LaunchAnalysisMissingFilesTitle	游戏文件或库缺失
GameSettings_LaunchSettingsModeUseGlobal	跟随全局设置
Resources_ShaderPackVersionsAllTitle	全部版本
Multiplayer_LobbyLeaveButton	离开房间
GameSettings_ExportPackResourcePacksLabel	导出资源包
Status_NoCategoryVersionsFormat	没有找到{0}版本。
Status_LoadingLoaderVersionsFormat	正在读取 {0} 版本...
Dialog_RenameOfflineAccountSubtitle	输入新的离线账户名。
Dialog_RenameAccountBusyTitle	正在修改
GameSettings_GeneralCreatedAtSection	创建时间
Settings_LaunchDefaultsSection	默认启动行为
Status_ModpackResolvingFiles	正在解析整合包文件
Status_LoginAccountAddedFormat	已添加正版账户 {0}
Dialog_DeleteSingleModMessageFormat	确认删除模组“{0}”吗？将优先移入系统回收站；回收站不可用时将直接删除。
Status_LauncherLogsClearedFormat	已清理 {0} 个启动器日志文件。
Status_OpenResourceDetailsFailed	无法打开资源详情，请稍后重试
GameSettings_ShaderPackManagementLoading	正在加载光影包...
Status_OfflineUuidApplied	离线 UUID 已应用
Status_CustomFileDownloadCompleted	下载完成
GameSettings_BackupMultiSelectButton	多选
Dialog_MicrosoftAccountExpiredSubtitle	需要重新验证 Microsoft 账户
Status_LoginFailed	正版登录失败，请稍后重试。
Resources_ResourcePackFilterAllLoaders	全部
Dialog_ReplaceModImportMessageFormat	已存在《{0}》，是否替换？
Dialog_CloseWithDownloadsMessage	关闭启动器会取消当前下载。是否仍然关闭？
GameSettings_GeneralOpenInstanceDirectoryButton	打开游戏目录
Resources_ModRequiredDependencyUpdateRequired	需要更新
Status_NoLauncherBackgroundImages	背景图片文件夹中没有可用图片，请添加图片后重试。
Resources_WorldVersionsLoadingMore	正在加载更多世界版本...
Status_LaunchRepairingLoaderInstaller	正在下载 Loader 安装器...
Multiplayer_LobbyClientIdPlaceholderFormat	client-placeholder-{0}
Account_AddButton	添加账户
Dialog_DeleteAccountTitle	删除账户
Multiplayer_LobbyLeaveFailed	离开房间失败，请重试。
Settings_AccentColorAmberTitle	黄色 Amber
Account_OfflineUuidModeLabel	UUID 生成方式
Resources_SectionShaderPacks	光影包
Status_ModDownloadingFormat	正在下载 {0}
Dialog_DeleteModsTitle	删除模组
Status_OpenRelatedWebsiteFailed	打开相关网站失败
Settings_DownloadSourceBmclApi	BMCLAPI 优先
Settings_ClearLauncherLogsButton	清理日志
Settings_AccentColorGreenTitle	绿色 Green
Status_CustomFileDownloadFailed	下载失败，请检查网络或保存位置后重试。
Account_TypeOfflineTitle	离线账户
Resources_ModDetailsInfoSection	模组信息
GameSettings_BackupDirectoryNotSelected	未选择备份目录
Status_LaunchReportExportFailed	导出报告失败，请稍后重试。
Status_ModRequiredDependenciesAutoInstallFailedFormat	无法自动安装前置模组：{0}
Settings_SectionLaunchMemory	启动与内存
Settings_RemoveMinecraftDirectoryFromListButton	从列表中移除
GameSettings_BackupListSection	备份列表
FilePicker_LocalImportFileTitle	选择本地游戏或整合包文件
FilePicker_ResourcePackArchiveTitle	选择资源包压缩包
Settings_LanguageEnglish	English
Dialog_DeleteInstanceMessageFormat	是否确定删除版本“{0}”？
Status_LoginMicrosoftActive	正在登录，请在弹出的 Microsoft 官方页面完成登录...
Status_LaunchRepairingMetadata	正在整理当前版本信息...
Account_BuyMinecraftButton	购买 Minecraft
Status_LaunchFinalizingLoaderVersion	正在整理并验证 Loader 沙箱...
GameSettings_LaunchCheckFilesOption	启动前检查文件完整性
Status_LocalSaveImported	本地存档已导入
Resources_ShaderPackFilterAllLoaders	全部
GameSettings_ResourcePackManagementLoading	正在加载资源包...
Status_LaunchRunningPreLaunchCommand	正在运行启动前命令...
Status_LocalShaderPackImportFailed	导入本地光影包失败，请稍后重试。
Settings_RenameMinecraftDirectoryConfirmButton	保存
Settings_CopyrightNotice	版权声明
Multiplayer_LobbyPoweredByTerracotta	联机服务由 Terracotta | 陶瓦联机提供
Settings_ThemeLightTitle	浅色
Dialog_LaunchAnalysisGameFileIntegrityMissingDetail	启动所需文件缺失。
GameSettings_ModManagementFilterDisabledButton	已禁用
Dialog_LaunchAnalysisModDependencyRecommendation	请根据日志安装缺失依赖，或移除依赖不完整的模组。
Account_SkinPreviewEmpty	暂无皮肤预览，刷新资料或上传皮肤后显示。
Resources_SectionModpacks	整合包
GameSettings_IconFurnace	熔炉
Settings_ControlDemoMultilineTextBoxLabel	多行文本框
GameSettings_BackupOpenFolderButton	打开备份文件夹
GameSettings_ShaderPackManagementCancelMultiSelectButton	取消多选
Status_BackupDeleteFailed	删除备份失败，请稍后重试。
Settings_ControlDialogButton	普通按钮
Status_ModpackInstalling	正在安装
Status_JavaScanFailed	扫描本机 Java 失败，请稍后重试。
Resources_ModpackInstallTargetSection	选择安装方式
Status_LocalSavesImportedFormat	已导入 {0} 个存档
Resources_ModFilterAllTypes	所有类型
Dialog_LaunchStatusStartupFailedMessage	启动器未能完成游戏启动准备。
Download_AddonLibraryLoadFailedShort	获取失败
Settings_ControlDemoButtonsSection	按钮与导航
Dialog_ClearLauncherLogsMessage	是否确定要删除全部启动器日志。不会删除正在写入的日志
Status_Ready	准备就绪
Settings_ControlVirtualizedList	虚拟化列表
Dialog_LaunchStatusMessageFormat	“{0}”：{1}
Status_RemoveMinecraftDirectoryFromListFailed	从列表中移除 .minecraft 目录失败，请稍后重试。
Status_InstallPreparing	正在准备安装...
FilePicker_ResourcePackDownloadDirectoryTitle	选择资源包下载目录
Dialog_DeleteInstanceFailedTitle	删除失败
Status_LoadVersionsFailed	版本列表加载失败，请稍后重试。
BackupFailure_Generic	创建备份时遇到问题，请稍后重试。
Download_VanillaLoaderTitle	原版
Dialog_DeleteInstanceTitle	删除版本
Account_TypeMicrosoftDescription	通过 Microsoft 账户登录并获取皮肤头像。
Settings_BackgroundImageControlBlurDescription	为半透明控件添加高斯模糊效果。开启此选项后可能会导致卡顿。
GameSettings_ModManagementEmptyMessage	当前没有可用模组
Resources_ModpackInstallTargetsLoadError	安装方式加载失败
Dialog_LaunchAnalysisGameFileIntegrityFinalLaunchPlanInvalidDetail	最终启动命令引用了无效文件。
Download_VanillaLoaderSubtitle	不安装模组加载器
GameSettings_DetailSaves	存档
Account_SkinModelSlimTitle	瘦
Resources_ResourcePackVersionsLoadError	资源包版本加载失败
GameSettings_LaunchSettingsModeLabel	设置方式
Status_InstanceFolderNotFound	没有找到该版本对应的文件夹。
Settings_ControlCategoryNavigation	导航
Dialog_ThirdPartyImportProgressFormat	已完成 {0}/{1}
Dialog_JavaRuntimeMissingMessage	自动选择 Java 时没有在本机找到可用的 Java。请到设置中刷新或导入合适的 Java 后再启动游戏。
GameSettings_ModManagementDisabledState	已禁用
Settings_GeneralDirectorySection	目录
GameSettings_DropImportShaderPacksMessage	释放以导入光影包
Resources_ResourcePackVersionsNoMore	没有更多资源包版本
Dialog_OfflineUuidModeChangeMessageFormat	确定要将 UUID 生成方式更改为“{0}”吗？更改可能会改变游戏中的玩家身份，导致原有背包、末影箱物品、经验或进度无法显示。
Download_ForgeLoaderSubtitle	支持选择 Forge 版本并安装
Status_OpenLaunchReportFailed	无法打开本次游戏报告，请稍后重试。
Status_ThirdPartyReauthenticationRequired	第三方账户登录已过期，请重新登录。
Status_LoginCanceled	正版登录已取消
GameSettings_ExportVersionPlaceholder	1.0.0
GameSettings_ShaderPackManagementCancelSelectAllButton	取消全选
Resources_WorldProjectsLoadingMore	正在加载更多世界...
GameSettings_DropUnsupportedFileMessage	该页面不支持导入此类文件。
Resources_ModVersionsLoadingMore	正在加载更多模组版本...
Settings_MemorySection	内存
Status_SelectedModsEnableFailed	启用所选模组失败，请稍后重试。
Dialog_DeleteSingleResourcePackMessageFormat	确认删除资源包“{0}”吗？将优先移入系统回收站；回收站不可用时将直接删除。
Dialog_ThirdPartyProfileSelectionTitle	选择角色
Dialog_ReauthenticateThirdPartyAccountTitle	重新登录第三方账户
Dialog_LaunchStatusStartupAbnormalMessage	游戏进程在启动阶段异常退出，退出码：{0}。
Delete_Button	删除
Status_ModpackDownloadingFileFormat	正在下载 {0}
Download_LocalImportNoFileSelected	尚未选择文件
Status_OpeningMicrosoftLogin	正在打开 Microsoft 官方登录页面...
Resources_WorldVersionsEmptyLocal	没有可用的世界版本
GameSettings_ShaderPackManagementLocalImportButton	本地导入
Status_LaunchPublishingLoaderArtifacts	正在发布 Loader 文件...
Account_ProfileCacheLoaded	已加载本地披风缓存，点击刷新可获取最新状态
Settings_ControlCategorySelection	选择
GameSettings_ShaderPackManagementInstalledSummaryFormat	当前游戏有 {0} 个光影包
Status_ModrinthExportUnsupported	暂不支持导出 Modrinth 整合包。
Resources_ModRequiredDependencyInstalled	已安装
Apply_Button	应用
Resources_ModFilterTypeEquipment	装备
Account_OfflineUuidStandardTitle	标准
Settings_OfficialMinecraftDirectoryDisplayName	官方启动器目录
Download_QuiltLoaderSubtitle	支持选择 Quilt 版本并安装
Status_RenamingInstance	正在修改版本...
Settings_SectionFeedback	建议与反馈
Download_LoaderPendingSubtitle	暂未接入安装
Status_InstallRunningLoaderInstaller	正在运行加载器安装程序...
GameSettings_ModManagementSelectAllButton	全选
Resources_ShaderPackProjectsLoadMoreError	加载更多光影包失败，请稍后重试。
Status_ModInstallFailed	模组安装失败
Settings_ControlListPageItemButton	列表项按钮
GameSettings_AllCategory	全部
Dialog_LaunchAnalysisModVersionRecommendation	请检查模组是否匹配当前 Minecraft 和加载器版本，必要时更新或移除冲突模组。
Resources_ModRequiredDependenciesAutoInstallButton	自动安装前置模组
Settings_MaxMemoryLabel	设置最大内存
Dialog_MultiplayerLeaveLobbyConfirmButton	退出
Settings_ControlDangerButton	危险按钮
Status_LocalModImported	本地模组已导入
Multiplayer_Create_TerracottaBusy	Terracotta 正被其他启动器使用，请先结束其他联机房间后重试。
Resources_ModpackFilterTypeLightweight	轻量
Resources_ResourcePackVersionsLoadMoreError	加载更多资源包版本失败，请稍后重试。
BackupFailure_BackupDirectoryInsideInstance	备份目录不能位于实例目录内部，请选择实例目录外的文件夹。
FilePicker_ModrinthModpackExportArchiveFilter	Modrinth 整合包 (*.mrpack)|*.mrpack|所有文件 (*.*)|*.*
Multiplayer_LobbyGameWorldPlaceholder	实例名字-世界名字
Status_AccountRenameResultFormat	账户名已修改为 {0}
Resources_ModpackVersionsFilterEmpty	没有找到匹配的整合包版本
Download_ForgeLoaderTitle	Forge
Status_LocalResourcePackImported	本地资源包已导入
Status_LocalResourcePacksImportedFormat	已导入 {0} 个资源包
Download_AddonLibraryNone	不安装
Dialog_SkinFormatErrorSubtitle	皮肤图片需要是 64x64 或 64x32。
Status_ModpackImportedWithManualDownloadsFormat	{0} 已导入，部分文件需稍后重试或手动补全
Download_VersionListTitle	游戏下载
Status_ModpackExportCurseForgeApiFailed	连接 CurseForge 识别文件失败，请稍后重试。
GameSettings_BackupInfoSection	备份概览
Account_TypeOfflineDescription	使用本地用户名进入游戏。
Status_OpenReferenceProjectFailed	打开项目链接失败
Status_BackupDirectoryChangeFailed	更改备份目录失败，请稍后重试。
GameSettings_SaveManagementLocalImportButton	本地导入
Dialog_LaunchAnalysisModDependencyDetailFormat	{0} 需要依赖 {1}，但当前实例中没有找到它。
Dialog_CloseAnywayButton	仍然关闭
Settings_DownloadSourceLabel	游戏下载源
Status_MicrosoftReauthenticationRequired	正版账户登录已过期，请重新登录。
Resources_ResourcePackInstallTargetSection	选择要安装到的游戏
Status_NoLauncherLogsToClear	没有可清理的启动器日志文件。
GameSettings_ShaderPackManagementMultiSelectButton	多选
Page_GameSettings	游戏设置
Dialog_LaunchAnalysisGameFileIntegrityRepairFailedRecommendation	自动修复未能恢复该文件。请重试；若仍失败，请重新安装该实例。
Settings_JavaListEmpty	没有找到本机 Java。
Status_SelectedModsDisableFailed	禁用所选模组失败，请稍后重试。
Dialog_RenameMinecraftDirectoryNameTitle	重命名 Minecraft 目录
Dialog_MultiplayerLobbySectionSwitchBlockedMessage	当前在房间内，请先退出房间。
Status_LoadBackupsFailed	读取备份列表失败。
Settings_JavaListLabel	Java 列表
Account_ListTitle	账户
Account_ThirdPartyServerHttpsRequired	认证服务器必须使用 HTTPS
Status_WorldDownloadFailed	世界下载失败
Status_LocalModImportFileNotFound	找不到要导入的模组文件。
Dialog_LaunchAnalysisMissingClientJarDetailFormat	当前实例缺少客户端 jar 文件：{0}
Dialog_RenameMicrosoftAccountSubtitle	正版账户每 30 天可改一次名，谨慎操作。
GameSettings_SaveManagementOpenFolderButton	打开存档文件夹
Status_AccountProfileRefreshOfflineUnsupported	只有正版账户可以刷新账户资料
Settings_ControlDemoReadOnlyFieldLabel	展示框
Settings_DownloadSourceOfficial	官方源优先
Resources_ModRequiredDependencyVersionUnresolved	无法解析
FilePicker_ResourcePackArchiveFilter	资源包压缩包|*.zip|所有文件|*.*
GameSettings_BackupRestoreTooltip	恢复备份
Resources_ResourcePackDetailsInfoSection	资源包信息
Multiplayer_LobbyTerracottaServiceFailed	Terracotta 联机服务异常，房间已自动解散。
BackupFailure_InstanceDirectoryMissing	当前实例文件夹不存在，无法创建备份。
Resources_SectionWorlds	世界
Multiplayer_LobbyPlayerPlaceholderFormat	玩家 {0}
Status_OpenBackupDirectoryFailed	打开备份目录失败，请稍后重试。
GameSettings_WaitForPreLaunchCommandOption	等待命令执行完毕再启动
FilePicker_SaveArchiveFilter	压缩包|*.zip;*.7z;*.rar;*.tar;*.gz;*.tgz;*.bz2;*.tar.gz;*.tar.bz2;*.tbz2|所有文件|*.*
Account_AuthenticationServerLabel	认证服务器地址
Status_InstanceRenameResultFormat	版本已修改为 {0}
GameSettings_ModManagementOnlineInstallButton	在线安装
Resources_ModVersionsEmptyLocal	没有可用的模组版本
Resources_ModDetailsDependenciesLabel	前置模组
Settings_BackgroundImageOpenFolderButton	打开文件夹
Page_Home	主页
Dialog_LaunchAnalysisGameFileIntegrityProcessorRegenerationFailedRecommendation	请重新安装当前 Loader；若仍失败，请重新安装该实例。
Status_OfflineAccountAddedFormat	已添加离线账户 {0}
Settings_UpdateChannelReleaseTitle	正式版
Dialog_JavaRuntimeMissingMessageFormat	自动选择 Java 时没有在本机找到可用的 Java。当前版本至少需要 Java {0}。请到设置中刷新或导入合适的 Java 后再启动游戏。
Settings_CopyrightNoticeDescription	Copyright © 2026 StartRide Launcher 开发者
Resources_ResourcePackDownloadFileExistsMessageFormat	下载位置已存在同名文件：{0}
Resources_ModInstallTargetsLoadError	游戏列表加载失败
Status_LaunchDownloadingFiles	正在下载游戏缺失文件...
Dialog_LaunchAnalysisUnknownRecommendation	请打开日志目录查看详细信息。
Settings_JavaVersionUnknown	未知版本
Dialog_LaunchStatusStartupExitedMessage	游戏进程在启动阶段正常退出，但没有进入可玩的运行状态。
Status_LoaderVersionsLoadedFormat	{0} 可用版本已加载
Status_LocalShaderPackImported	本地光影包已导入
Settings_ControlCategoryButton	按钮
FilePicker_LocalImportFileFilter	整合包 (*.mrpack;*.zip)|*.mrpack;*.zip|Modrinth 整合包 (*.mrpack)|*.mrpack|CurseForge 整合包 (*.zip)|*.zip|所有文件 (*.*)|*.*
Resources_ShaderPackProjectsNoMore	没有更多光影包
Status_CustomFileDownloadStartedFormat	已开始下载 {0}
Status_SavingOfflineAccountName	正在保存离线账户名...
Resources_ModFilterTypeTechnology	科技
GameSettings_ResourcePackManagementDeleteButton	删除
Status_AccountProfileRefreshFailed	刷新正版账户资料失败，请稍后重试。
GameSettings_IconCraftingTable	工作台
GameSettings_ModManagementEnabledState	已启用
Status_UpdateCheckUnavailable	更新检查暂未接入
Status_LaunchCheckingInstance	正在检查当前实例...
Dialog_ModpackManualDownloadsHint	可以打开补档清单，稍后重试或手动补全这些文件。
GameSettings_IconNeoForge	NeoForge
Download_QuiltLoaderTitle	Quilt
Dialog_LaunchAnalysisGameFileIntegrityFinalLaunchPlanInvalidDetailFormat	最终启动命令引用了无效文件：{0}
Settings_ControlTextBox	文本输入框
Page_Install	下载
GameSettings_UnknownMinecraftVersion	未知版本
Resources_ModFilterButtonLabel	筛选
GameSettings_SaveManagementInfoSection	存档概览
Status_ResourceProjectIntegrityFailed	文件完整性验证失败，已停止下载或安装。请重试或从资源提供方官网手动下载。
Status_CustomFileDownloadPreparing	正在准备下载...
GameSettings_DropImportResourcePacksMessage	释放以导入资源包
Download_LocalImportDropZoneTitle	将文件拖到这里
Settings_CustomFileDownloadSection	下载自定义文件
Status_ModpackCreatingInstance	正在创建游戏实例
Settings_LanguageSimplifiedChinese	简体中文
Download_NeoForgeLoaderSubtitle	支持选择 NeoForge 版本并安装
Download_LoaderVersionEmptyFormat	{0} 无可用版本
Home_NoAccountSelected	未选择账户
Status_LoadLocalResourcePacksFailed	加载资源包列表失败，请稍后重试。
Dialog_FeedbackTitle	建议与反馈
Resources_ModFilterTypeWorldGeneration	世界生成
Settings_JavaSelectionAuto	自动选择
GameSettings_ResourcePackManagementCancelSelectAllButton	取消全选
GameSettings_BackupInfoSummaryFormat	当前游戏有 {0} 个备份
Dialog_JavaRequirementNotMetTitle	未找到满足要求的 Java
Dialog_CreateBackupTitle	创建备份
Dialog_TerracottaAgreementMessage	联机功能由 Terracotta | 陶瓦联机提供，底层基于 EasyTier。使用联机功能时，您必须遵守中国大陆相关法律法规，不得用于违法用途。
Account_ProfileRefreshHint	点击刷新读取这个正版账户的披风列表
Status_LocalShaderPackImportFileNotFound	未找到要导入的光影包压缩包。
GameSettings_DetailsPlaceholderHeader	详细设置
Resources_SectionMods	模组
Dialog_LaunchAnalysisModDependencyDetail	当前实例缺少某个必要模组或依赖。
Settings_ControlDemoStatusClicked	已触发示例交互
GameSettings_ModManagementSearchEmptyMessage	没有匹配的模组
Dialog_LaunchAnalysisMissingFilesRecommendation	请开启启动前文件检查并重试，或重新安装该实例。
Status_ModpackMissingCurseForgeApiKey	未配置 CurseForge API Key
Resources_ResourcePackInstallTargetsLoading	正在加载游戏列表...
Status_AccountDeletedCacheCleanupFailedFormat	已从列表删除账户 {0}，但清理登录缓存失败。
GameSettings_ModManagementActionsLabel	操作
Settings_ControlDemoDangerButton	危险按钮
Multiplayer_Create_StepSelectInstance	第二步：在游戏菜单中点击“创建局域网世界”。
GameSettings_LaunchAutoRepairOption	缺失文件自动补全
GameSettings_BackupActionsLabel	操作
Resources_WorldVersionsLoading	正在加载可用世界版本...
GameSettings_IconQuilt	Quilt
Dialog_TerracottaAgreementTitle	联机功能使用须知
Dialog_LaunchAnalysisOriginalSuggestionLabel	Loader 建议
FilePicker_MinecraftSkinTitle	选择 Minecraft 皮肤
GameSettings_IconAnvil	铁砧
Settings_DefaultMemoryLabel	默认最大内存
Dialog_InvalidSaveArchiveMessage	选择的压缩包不是有效的 Minecraft 存档。
Dialog_JavaManualVersionTooLowMessageFormat	“{0}” 至少需要 Java {1}，但当前手动选择的是 Java {2}。建议转到设置选择合适的 Java；也可以强制启动，但游戏可能仍会异常退出。
GameSettings_BackupRestoreUnavailableTooltip	恢复功能暂不可用
Dialog_LaunchAnalysisDetailWrongVersionFormat	{0} 需要 {1}，但当前版本为 {2}。
Dialog_AddMinecraftDirectoryNameTitle	命名 Minecraft 目录
Settings_BackgroundEffectAcrylicTitle	亚克力
GameSettings_IconStoneBlock	石头
GameSettings_ShaderPackManagementDeleteButton	删除
Resources_ResourcePackProjectsNoMore	没有更多资源包
Status_AccountNameUnchanged	账户名没有变化
Download_ReleaseCategory	正式版
Status_UpdateAutoInstallPackageNotFound	未找到可自动安装的更新包
Resources_ModpackVersionsLoadError	整合包版本加载失败
GameSettings_DetailJava	Java
Resources_ModFilterTypeAdventure	冒险/RPG
Status_SelectedModsDisabledFormat	已禁用 {0} 个模组
Settings_OfflineUsernameLabel	默认离线玩家名称
Dialog_LaunchAnalysisGameFileIntegrityPublicationFailedRecommendation	请关闭可能占用该文件的程序，并检查游戏目录权限后重试。
GameSettings_ExportModpackTypeLabel	导出整合包类型
Resources_WorldInstallTargetsLoadError	游戏列表加载失败
GameSettings_DetailAdvanced	高级设置
Resources_ModVersionsAllTitle	全部版本
Status_SkinUpdated	皮肤已更新
Status_ModpackArchiveTooLarge	整合包解压后的内容超过启动器允许的 8 GB 安全上限
Dialog_MinecraftDirectoryStartupDefaultMessageFormat	上次选择的 Minecraft 目录已失效：\n\n{0}\n\n列表中没有其他可用目录，启动器已准备并切换到默认目录：\n\n{1}
FilePicker_ModrinthModpackExportArchiveTitle	保存 Modrinth 整合包
Resources_ModRequiredDependenciesSkipButton	不安装前置模组
Settings_ControlSearchBox	搜索框
Resources_ModVersionsUnknown	未知版本
Resources_WorldProjectsLoadMoreError	加载更多世界失败，请稍后重试。
FilePicker_ModDownloadDirectoryTitle	选择模组下载位置
Account_EmptySelection	选择账号以浏览或修改设置。
Dialog_LaunchStatusExitedTitle	游戏进程已退出
Resources_WorldInstallTargetLocal	另存为
GameSettings_LaunchSettingsSection	启动设置
Download_QuiltLibraryEmpty	无可用版本
Download_QuiltLibraryLabel	安装 QFAPI / QSL（推荐）
Account_TypeThirdPartyTitle	第三方账户
GameSettings_ModManagementUnavailableMessage	当前版本不可安装模组
Dialog_UserAgreementLink	用户协议
MicrosoftLogin_BrowserCompletionMessageFormat	你可以返回 {0}。请关闭此浏览器标签页。
GameSettings_ModManagementDisableAllButton	全部禁用
Settings_BackgroundImageSelectionDescription	启动器会读取文件夹内的图片并随机展示
Status_OfflineUuidInvalid	UUID 格式不正确，请检查后重试。
Status_InstallCheckingFiles	正在检查游戏文件...
GameSettings_BackupDirectorySection	备份目录
Status_MinecraftDirectoryChanged	.minecraft 目录已更新。
Status_SelectInstanceFirst	请先选择一个游戏
Dialog_UnsupportedShaderPackArchiveMessage	当前仅支持导入 .zip 光影包。
Status_OpenLocalShaderPackLocationFailed	打开光影包文件位置失败，请稍后重试。
Resources_WorldVersionsLoadMoreError	加载更多世界版本失败，请稍后重试。
Settings_LauncherLogDirectoryLabel	启动器日志
Dialog_DeleteMultipleShaderPacksMessageFormat	确认删除这 {0} 个光影包吗？将优先移入系统回收站；回收站不可用时将直接删除。
Resources_ResourcePackProjectsLoading	正在加载资源包...
Back_Button	上一步
GameSettings_GeneralInstanceDirectorySection	游戏目录
Status_DuplicateInstanceName	已存在同名游戏
Dialog_ReauthenticateThirdPartyAccountSubtitle	登录已过期，请重新输入密码后继续启动。
GameSettings_ExportPackModsLabel	导出模组
Resources_ModpackDownloadFileExistsMessageFormat	下载位置已存在同名文件：{0}
Status_InstallCompletingFiles	正在完成加载器文件处理...
Resources_ShaderPackVersionsLoadMoreError	加载更多光影包版本失败，请稍后重试。
Download_NeoForgeLoaderTitle	NeoForge
Status_LaunchPreparingProcess	正在生成启动参数...
GameSettings_BackupCreateNowButton	立即备份
Settings_ControlSlider	滑动条
Status_SelectedBackupsDeletedFormat	已删除 {0} 个备份
Settings_ViewGithubRepositoryButton	查看 GitHub 仓库
Dialog_MinecraftDirectoryNameLabel	目录名称
Multiplayer_LobbyPlayerRolePlayer	玩家
Status_ModEnabledStateTargetExistsFormat	{0}已存在，操作失败
Settings_MinecraftDirectoryChangeBlockedByActiveTasks	有下载、安装或启动任务进行中时不可切换目录。
Dialog_LaunchAnalysisModVersionTitle	模组版本不兼容
Status_WorldInstallFailed	世界安装失败
Status_BackupRestoring	正在恢复备份
Settings_ControlSwitch	切换开关
Settings_SystemAvailableMemoryLabel	当前可用内存
Multiplayer_Join_Failed	加入房间失败，请确认房间仍然有效并检查网络后重试。
Resources_ShaderPackDetailsInfoSection	光影包信息
Dialog_MultiplayerLeaveLobbyTitle	退出并解散房间？
Settings_MemoryModeAuto	自动设置
Settings_ControlDemoSliderLabel	滑动条
Status_LaunchAbnormalExit	游戏启动异常退出，已记录诊断日志。
Settings_InfoContent	关于
Page_Download	游戏下载
Multiplayer_Create_StepOpenToLan	第一步：进入要联机的游戏世界。
Multiplayer_LobbyWorldClosed	局域网世界已关闭，房间已自动解散。
Dialog_MinecraftDirectoryNameValidation	请输入 1 到 64 个字符的目录名称。
Status_AccountRenameFailed	账户名修改失败，请稍后重试。
Settings_ControlDemoNormalButton	普通按钮
Status_ErrorCodeFormat	返回代码：{0}
GameSettings_DetailResourcePacks	资源包
Cape_AvailableState	可用
Status_JavaImportFailed	导入 Java 失败，请确认选择的是 Java 可执行文件。
Dialog_MinecraftDirectoryStartupRecoveryFailedTitle	无法恢复 Minecraft 目录
FilePicker_MinecraftSkinFilter	PNG 皮肤 (*.png)|*.png
GameSettings_ExportTypeCurseForge	CurseForge
Settings_ControlCategoryToggle	开关
Account_NewUsernameLabel	新用户名
Dialog_AddOfflineAccountTitle	离线账户
Settings_SectionDownload	下载
Status_RenameMinecraftDirectoryFailed	更改 Minecraft 目录名称失败，请稍后重试。
Settings_ControlDemoMenuButton	二级菜单项
GameSettings_ModManagementDisableButton	禁用
Status_SkinOfflineUnsupported	只有正版账户可以更换皮肤
GameSettings_SaveManagementInstalledSummaryFormat	当前游戏有 {0} 个存档
DownloadTask_Completed	已完成
Settings_MemoryModeManual	手动设置
Status_NoLaunchableInstance	还没有可启动的游戏
Status_AccountRenameFailedInvalidName	账户名修改失败：用户名格式不符合 Minecraft 规则。
Multiplayer_LobbyDisbandFailed	解散房间失败，请稍后重试。
Resources_ShaderPackVersionsEmpty	没有适用于该游戏的光影包版本
Status_LaunchInstanceSelectedFormat	当前游戏已切换为 {0}
Resources_ShaderPackFilterTypeFantasy	奇幻
Status_OpenLocalSaveFolderFailed	打开存档目录失败，请稍后重试。
GameSettings_BackupLoading	正在读取备份列表
Resources_ModpackFilterTypeMagic	魔法
Settings_BackgroundImageControlBlurLabel	开启控件模糊
Status_SelectedSavesDeletedFormat	已删除 {0} 个存档
Status_ModpackResolvingFilesFormat	正在解析整合包文件（{0}）
GameSettings_SaveManagementCancelSelectAllButton	取消全选
FilePicker_ModFileTitle	选择模组文件
Account_NoneValue	无
Dialog_RenameInstanceSubtitle	修改当前实例的名称和图标。
Download_FabricLoaderSubtitle	支持选择 Fabric 版本并安装
Settings_ControlComboBox	下拉选择框
Status_LoaderInstallPending	该加载器将在后续版本接入安装。
Download_AddonLibraryEmpty	无可用版本
DownloadSpeed_BytesPerSecondFormat	{0:0} B/s
Status_ModRequiredDependencyInstallingFormat	正在安装前置模组：{0}
Resources_ModSourceModrinth	Modrinth
Status_LaunchInstanceSelectionFailed	当前游戏切换失败，请刷新后重试。
Dialog_FeedbackBugReportsButton	Bug 反馈
Dialog_ModpackManualDownloadsTitle	整合包导入完成
Settings_ControlDemoProgressLabel	进度条
Status_InstallDownloadingFiles	正在下载游戏文件...
Dialog_AddAccountResultSubtitle	点击确定返回账户列表。
Account_OfflineUuidManualTitle	自定义
Account_ThirdPartyDropInvalidServer	无法识别拖入的认证服务器地址
Multiplayer_LobbyPlayerListHeader	玩家列表
Account_ThirdPartyLoginFailed	第三方账户登录失败
Resources_ModFilterLoaderLabel	加载器
Dialog_ThirdPartyImportFailureFormat	{0} 个角色导入失败
GameSettings_ShaderPackManagementSelectAllButton	全选
Nav_Modpacks	整合包
Multiplayer_Create_TerracottaAttributionLinkText	Terracotta | 陶瓦联机
Dialog_DeleteInstanceBusyTitle	正在删除
Resources_ModFilterTypeOptimization	优化
Status_LaunchPreparing	正在准备启动游戏...
Multiplayer_LobbyLeaveAndDisbandButton	退出并解散
Status_WorldDownloading	正在下载世界...
Dialog_RenameInstanceSuccessTitle	修改成功
Status_LaunchRepairingLogging	正在补齐日志配置...
Resources_ModpackProjectsEmpty	没有找到匹配的整合包
Resources_ModProjectsLoading	正在加载模组...
Settings_AccentColorOrangeTitle	橙色 Orange
FilePicker_ShaderPackArchiveFilter	光影包压缩包|*.zip|所有文件|*.*
Settings_AutoSetGameLanguageToLauncherLanguageLabel	自动设置游戏语言为启动器语言
Status_OpenInstanceFolderFailed	打开版本文件夹失败，请稍后重试。
GameSettings_ModManagementLocalImportButton	本地导入
Download_InstanceNameLabel	游戏名称
Status_ModpackExporting	正在导出整合包...
Resources_ModProjectsLoadingMore	正在加载更多模组...
Resources_ModFilterTypeMobs	生物
Dialog_ThirdPartyImportProgressTitle	正在导入角色
Resources_ModpackFilterTypeTechnology	科技
Status_ModpackDownloading	正在下载整合包...
Dialog_RemoveMinecraftDirectoryTitle	移除 Minecraft 目录
Status_ModpackInvalidArchive	整合包格式不支持或文件损坏
GameSettings_ModManagementCancelMultiSelectButton	取消多选
Status_OfflineUuidModeChangeFailed	离线 UUID 生成方式切换失败，请稍后重试。
Status_LaunchRepairingLibraries	正在补齐共享 libraries...
Dialog_LaunchAnalysisUnknownDetail	启动器无法确定具体原因。
Settings_MinecraftDirectoryLabel	Minecraft 目录
Status_InstallFinalizingVersion	正在整理版本文件...
Status_ModpackCleaningUp	正在清理导入现场
Account_ProfileOfflineUnsupported	此账户暂不支持资料、皮肤和披风管理
Settings_BackgroundImageSelectionLabel	选择图片
Account_ChangeSkinModelButton	更改模型
FilePicker_JavaExecutableFilter	Java 可执行文件 (java.exe;java)|java.exe;java|所有文件 (*.*)|*.*
Resources_ModpackVersionsNoMore	没有更多整合包版本
Status_CapeOfflineUnsupported	离线账户暂不支持披风管理
Dialog_MultiplayerLobbySectionSwitchBlockedTitle	无法切换联机模式
GameSettings_IconDiamondBlock	钻石方块
Status_ChangingMicrosoftAccountName	正在联网修改正版账户名...
Account_AppearanceOfflineUnsupported	此账户暂不支持皮肤/披风管理
Settings_DownloadSpeedLimitUnit	MB/s
Resources_WorldFilterTypeCreation	建筑/创作
Status_MinecraftDirectoryUnavailable	该 .minecraft 目录不存在或无法访问。
Account_ThirdPartyServerInvalidResponse	认证服务器返回了无效响应
Status_OpenMinecraftPurchasePageFailed	无法打开 Minecraft 购买页面，请稍后重试。
Download_QuiltLibraryLoadFailedShort	获取失败
Status_InstallFailed	安装失败，请稍后重试。
ManualImport_Button	导入
GameSettings_DetailPlaceholderBodyFormat	这里会继续补充“{0}”相关设置项，下一步接入具体可编辑内容。
Settings_ControlDemoIconButton	图标按钮
Status_LoadLocalModsFailed	加载模组列表失败，请稍后重试。
Settings_SectionJava	Java
Settings_SectionInfo	关于
GameSettings_ResourcePackManagementOpenFolderButton	打开资源包文件夹
Resources_ShaderPackProjectsLoadError	加载光影包列表失败，请稍后重试。
GameSettings_DropResourcePackArchivesOnlyMessage	当前页面仅支持拖入资源包压缩包。
Status_RefreshingAccountProfile	正在刷新正版账户资料...
Resources_ModpackProjectsLoadError	加载整合包列表失败，请稍后重试。
Account_SkinModelClassicDescription	Steve 模型，手臂宽度为 4 像素。
Account_ProfileNoCapes	这个账户没有可用披风
Status_LaunchCanceled	已取消本次启动
Status_OpenBackupLocationFailed	打开备份文件位置失败。
Settings_DownloadSection	下载设置
Dialog_RemoveMinecraftDirectoryMessageFormat	确定要从列表中移除以下目录吗？\n\n{0}\n\n这只会从启动器列表中移除该目录，不会删除目录或其中的任何文件。
Download_LocalImportSelectFileButton	选择文件
Status_LocalSaveImportFailed	导入本地存档失败，请稍后重试。
Settings_GeneralFilesAndDirectoriesSection	文件与目录
Settings_UpdateChannelLabel	更新通道
GameSettings_SaveManagementMultiSelectButton	多选
Status_ModpackDownloadFailed	整合包下载失败
Status_ResourcePackInstalledFormat	{0} 已安装
Home_LaunchInstanceMenuTitle	主页
Dialog_TerracottaDisagreeButton	不同意
Resources_ModInstallTargetsLoading	正在加载游戏列表...
Status_MinecraftDirectoryAdded	.minecraft 目录已添加并切换。
Status_OpenLegalDocumentFailed	无法打开法律文档，请检查系统浏览器设置后重试。
GameSettings_SwitchMinecraftDirectoryButton	切换目录
Status_SettingsSaved	启动器设置已保存
Status_AccountDeletedFormat	已删除账户 {0}
Settings_LauncherVersionSection	启动器版本
Resources_WorldInstallTargetsLoading	正在加载游戏列表...
Status_MinecraftJavaOwnershipRequired	此 Microsoft 账户未拥有 Minecraft Java 版，无法添加为正版账户。
Dialog_UpdateAvailableVersionFormat	可用版本：{0}
GameSettings_InstanceIconLabel	版本图标
Status_UnimplementedCategory	该分类稍后实现。
Settings_AccentColorPinkTitle	粉色 Pink
Status_LaunchReportExportNoReadableFiles	没有可导出的报告文件。
Settings_MinecraftDirectoryItemTitle	.minecraft 目录
GameSettings_SaveManagementCancelMultiSelectButton	取消多选
Status_SelectedModsEnablePartialFailedFormat	已启用 {0} 个模组，{1} 个失败
Settings_ControlInlineIconButton	图标按钮
GameSettings_BackupItemSubtitleFormat	{0} · {1:0.##} MB
GameSettings_ExportPackShaderPacksLabel	导出光影包
Cancel_Button	取消
Download_LoaderLabel	加载器
Dialog_LaunchAnalysisGameFileIntegrityPublicationFailedDetail	已修复或重新生成的文件无法安全写入游戏目录。
Status_ShaderPackInstallFailed	光影包安装失败
GameSettings_ResourcePackManagementSelectAllButton	全选
Dialog_LaunchAnalysisGameFileIntegrityMetadataIncompleteDetail	无法读取或验证当前版本的元数据。
Dialog_MultiplayerLanWorldDetectionTitle	正在检测局域网世界
Resources_ModDetailsRelatedWebsitesLabel	相关网站
Status_ModpackDownloadingFormat	正在下载 {0}
Status_CapeChangeFailed	更换披风失败，请稍后重试。
Resources_WorldVersionsLoadError	世界版本加载失败
Status_ModDownloadedFormat	{0} 已下载
Dialog_BackupCreateFailedTitle	备份失败
Status_ResourceProjectDestinationConflictFormat	文件“{0}”已存在或在确认后发生变化，下载已停止，原文件未被覆盖。
Status_SelectedResourcePacksDeletePartialFailedFormat	已删除 {0} 个资源包，{1} 个失败
FilePicker_BackupDirectoryTitle	选择备份目录
Dialog_GoToSettingsButton	转到设置
Download_AprilFoolsCategory	愚人节版
Status_MinecraftDirectorySwitchFailed	切换 .minecraft 目录失败，请稍后重试。
Settings_ControlMultilineTextBox	多行文本框
Resources_ResourcePackFilterTypeAudio	音效
GameSettings_ResourcePackManagementLocalImportButton	本地导入
Status_LauncherUpdateStartFailed	启动更新失败，请手动下载新版本。
Resources_ModRequiredDependencyMinimumVersionFormat	最低要求：{0}
Status_LaunchPreparingOfflineSkin	正在准备离线皮肤...
GameSettings_PostExitCommandOption	退出后执行命令
Status_BackupDirectoryChanged	备份目录已更新。
Status_AccountRenamedFormat	已将账户名修改为 {0}
GameSettings_DropShaderPackArchivesOnlyMessage	当前页面仅支持拖入光影包压缩包。
GameSettings_ResourcePackManagementInstalledSummaryFormat	当前游戏有 {0} 个资源包
Status_ModpackCopyingOverrides	正在复制整合包覆盖文件
Resources_WorldFilterTypePuzzle	解谜
Nav_About	关于
Account_ThirdPartyDropDialogBusy	请先完成当前弹窗操作后再添加第三方账户
GameSettings_InstanceSubtitleFormat	Minecraft {0} · {1}
Status_AccountProfileRefreshed	正版账户资料已刷新
Settings_AccentColorBlueTitle	蓝色 Blue
Menu_Button	菜单
Multiplayer_LobbyRoomCodePlaceholder	XXXX-XXXX
Resources_ModInstallTargetLocal	另存为
Resources_ModVersionsLoading	正在加载可用模组版本...
Multiplayer_SectionJoinLobby	加入房间
GameSettings_ExportModpackInfoSection	整合包信息
Dialog_TerracottaDownloadPreparing	准备下载联机模块…
Settings_AccentSelectionLabel	启动器强调色
Dialog_CancelLaunchButton	取消启动
Home_NoLaunchInstances	还没有本地游戏。
Dialog_SkinModelTitle	选择皮肤模型
Account_OfflineUuidModeChangeButton	更改
Resources_ModDownloadsHundredMillionFormat	{0:0.##}亿
Status_ModpackInstallingLoader	正在安装 Loader
Dialog_LaunchStatusFailedTitle	游戏启动失败
Dialog_ForceLaunchButton	强制启动
Resources_ShaderPackFilterTypeCartoon	卡通
Dialog_LaunchStatusDiagnosticFileHint	可查看主要报告，或导出本次会话的完整报告包。
Status_ModpackDownloadedFormat	{0} 已下载
Multiplayer_Join_Joining	正在加入…
GameSettings_ModManagementCancelSelectAllButton	取消全选
Settings_AutomaticMemoryAllocationLabel	自动分配
Settings_DownloadSpeedLimitLabel	限制下载速度
Dialog_OpenUpdateChangelogButton	打开更新日志
Download_LoaderVersionPreviewTag	测试版
Resources_ResourcePackVersionsEmptyLocal	没有可用的资源包版本
Settings_RemoveMinecraftDirectoryConfirmButton	移除
Settings_MemoryUnavailable	--
GameSettings_ModManagementDeleteButton	删除
Status_LocalModsImportedFormat	已导入 {0} 个模组
Resources_ModpackInstallTargetNewInstance	安装为新游戏
Dialog_RenameInstanceBusyTitle	正在修改
GameSettings_BackupOpenLocationTooltip	打开文件夹
GameSettings_IconDirtBlock	泥土
Status_FabricApiVersionsLoadFailed	Fabric API 版本列表加载失败，已改为不安装。
GameSettings_DropFoldersUnsupportedMessage	暂不支持拖入文件夹。
GameSettings_ModManagementFilterLabel	模组列表
Status_SelectedResourcePacksDeletedFormat	已删除 {0} 个资源包
Resources_ModpackCurseForgeMissingApiKey	未配置 CurseForge API Key，当前仅显示 Modrinth 结果。
Dialog_LaunchAnalysisModVersionDetail	当前实例中的某些模组与 Minecraft、加载器或其他模组版本不兼容。
Status_LoginMissingProfile	正版登录失败：未获取到 Minecraft Java 账户资料
Resources_ResourcePackVersionsLoading	正在加载可用资源包版本...
Status_LoadingVersions	正在获取 Minecraft 版本列表...
Dialog_InvalidSaveImportTitle	无法导入存档
GameSettings_DetailBackup	备份
Resources_ShaderPackVersionsNoMore	没有更多光影包版本
Status_InstanceDeletedFormat	已删除版本 {0}
Page_Account	账户
Resources_ResourcePackCurseForgeMissingApiKey	未配置 CurseForge API Key，当前仅显示 Modrinth 结果。
GameSettings_ModManagementLoading	正在加载模组...
Settings_MinecraftDirectoryUnavailable	目录不可用
GameSettings_BackupDeleteButton	删除
GameSettings_AdvancedLaunchSettingsSection	高级启动设置
Dialog_DeleteInstanceBusyMessageFormat	正在删除版本“{0}”，请稍候。
Multiplayer_Create_WorldUnavailable	未检测到可用的局域网世界，请确认世界仍已开放到局域网。
Dialog_LoginIncompleteTitle	登录未完成
Settings_ControlCategoryInput	输入
GameSettings_ModManagementModListSection	模组列表
Dialog_JavaManualVersionIncompatibleTitle	Java 与当前加载器不兼容
GameSettings_ExportModpackNameRequired	整合包名称不可为空
DownloadSpeed_MegabytesPerSecondFormat	{0:0.0} MB/s
Status_LaunchExitedQuickly	游戏启动后立即退出，已记录诊断日志，请检查当前实例的 logs\launcher 目录。
Dialog_BackupCreateFailedMessageFormat	{0}\n\n异常摘要：{1}
GameSettings_BackupEmpty	暂无备份
Resources_WorldInstallTargetSection	选择要安装到的游戏
DownloadTask_Failed	失败
Resources_ShaderPackVersionsLoading	正在加载可用光影包版本...
GameSettings_SaveManagementSelectAllButton	全选
Download_SelectVersionPlaceholder	选择版本
Nav_DirectoryManagement	目录管理
Status_OpenLauncherBackgroundImageFolderFailed	无法打开启动器背景图片文件夹，请检查文件夹权限后重试。
Status_ModpackExportMissingLoaderVersion	实例加载器版本不完整，无法导出整合包。
Status_InstanceInstalledFormat	游戏 {0} 已安装
Status_VersionsLoadedFormat	已加载 {0} 个版本
GameSettings_ResourcePackManagementInfoSection	资源包概览
Settings_ControlSecondaryMenuButton	二级菜单项
Status_AccountProfileRefreshTooFrequent	刷新过于频繁，稍后再试
Settings_SystemMemorySummaryFormat	{0}/{1}
Page_Multiplayer	联机
Dialog_RenameAccountResultSubtitle	点击确定返回账户详情。
GameSettings_ModManagementEnableAllButton	全部启用
FilePicker_ServerInstallDirectoryTitle	选择服务端保存位置
GameSettings_NoMatchingInstances	没有找到匹配的游戏。
GameSettings_DropModsOnlyMessage	当前页面仅支持拖入模组文件。
Settings_ControlDemoDefaultMultilineInput	这是多行文本框示例。\n输入更长的内容后会自动换行。
Status_SkinAdded	皮肤已添加，点击应用后同步到官网。
Settings_ControlDemoSwitchLabel	切换开关
Status_WorldDownloadingFormat	正在下载 {0}
Status_ModpackExportModrinthApiFailed	连接 Modrinth 识别文件失败，请稍后重试。
Resources_ModpackInstallTargetServer	安装为服务端
GameSettings_IconBeacon	信标
GameSettings_ModManagementFilterEnabledButton	已启用
Settings_BackgroundSection	启动器背景
GameSettings_GeneralSaveDescriptionButton	保存描述
GameSettings_ShaderPackManagementSearchEmptyMessage	没有匹配的光影包
Dialog_JavaRequirementNotMetMessage	自动选择 Java 时没有找到满足当前版本要求的 Java。请到设置中刷新或导入合适的 Java 后再启动游戏。
Status_InstanceSettingsSaved	游戏设置已保存
Status_InstallingVanillaFormat	正在安装原版 {0}...
Nav_AppearanceTheme	外观主题
Dialog_LaunchAnalysisAdditionalDetailsFormat	还有 {0} 个问题未显示，请查看或导出完整报告。
Account_UsernameValidation	用户名需为 3-16 位字母、数字或下划线
Settings_OpenSourceLicense	开源协议
Resources_ModpackInstallTargetLocal	另存为
GameSettings_IconTnt	TNT
Status_LocalResourcePackImportFileNotFound	未找到要导入的资源包压缩包。
Status_LauncherUpdateRestarting	正在安装更新，启动器将自动重启。
Status_OpenLaunchLogFolderFailed	打开启动诊断日志目录失败，请稍后重试。
Dialog_RestoreBackupMessageFormat	确认恢复备份“{0}”吗？\n\n恢复前会自动备份当前游戏文件夹。
GameSettings_DeleteGameButton	删除游戏
Resources_ModpackProjectsLoadMoreError	加载更多整合包失败，请稍后重试。
Status_MinecraftDirectoryRenamed	Minecraft 目录名称已更新。
Dialog_LaunchStatusRuntimeFailedTitle	游戏异常退出
GameSettings_DetailExport	导出
Multiplayer_Create_TerracottaAttributionSuffix	 驱动。
Resources_ModpackProjectsLoadingMore	正在加载更多整合包...
Dialog_ThirdPartyImportResultSubtitle	可以重试失败的角色，已成功导入的角色不会重复处理。
Settings_MaximumDownloadThreadsLabel	最大下载线程
Multiplayer_Join_PasteButton	粘贴
Download_LocalImportSelectedFileLabel	已选文件
Account_OfflineUuidInvalid	UUID 格式不正确
Status_JavaImported	Java 已导入
Resources_ModVersionsFilterEmpty	没有找到匹配的模组版本
Resources_ModRequiredDependencyMissing	缺失
GameSettings_OpenResourceDetailsTooltip	查看资源详情
Status_ModpackHashMismatch	整合包文件校验失败
Resources_ModpackDetailsInfoSection	整合包信息
DownloadSpeed_KilobytesPerSecondFormat	{0:0.0} KB/s
Resources_SelectedPlaceholderMessageFormat	{0} 功能即将接入。
Dialog_TerracottaExtracting	正在安装联机模块…
Settings_AccentColorEmeraldTitle	翠绿 Emerald
Status_ModpackExportedFormat	整合包已导出到 {0}
Status_LoginAccountAlreadyAddedFormat	正版账户 {0} 已经添加过了，已为你选中
Status_ModpackExportFileSystemFailed	写入整合包文件失败，请检查保存位置。
GameSettings_ModManagementEnableButton	启用
Settings_AccentColorCyanTitle	青色 Cyan
Dialog_LaunchAnalysisModDependencyTitle	缺少必要模组或依赖
Page_Settings	全局设置
Status_InstallQueued	正在等待其他安装任务完成...
Dialog_DeleteBackupTitle	删除备份
Dialog_DeleteMultipleResourcePacksMessageFormat	确认删除这 {0} 个资源包吗？将优先移入系统回收站；回收站不可用时将直接删除。
GameSettings_IconFabric	Fabric
Status_ClearLauncherLogsFailed	清理启动器日志失败，请稍后重试。
Resources_ModpackFilterTypeOptimization	优化
Dialog_DeleteResourcePacksTitle	删除资源包
Dialog_LaunchStatusRuntimeAbnormalMessage	游戏运行过程中异常退出，退出码：{0}。
Cape_ActiveState	当前使用
Status_ResourcePackInstallFailed	资源包安装失败
Dialog_JavaRuntimeMissingTitle	未找到 Java
Resources_ResourcePackProjectsLoadingMore	正在加载更多资源包...
Dialog_DeleteMultipleSavesMessageFormat	确认删除这 {0} 个存档吗？将优先移入系统回收站；回收站不可用时将直接删除。
Settings_ControlDemoInputsSection	输入与开关
GameSettings_InstanceSubtitleVanillaFormat	{0}
GameSettings_NoCategoryInstancesFormat	没有找到{0}游戏。
Status_ResourcePackDownloadFailed	资源包下载失败
Status_SearchingModrinth	正在搜索 Modrinth...
GameSettings_InstanceSubtitleLoaderFormat	{0} {1} {2}
Nav_ShaderPacks	光影包
Settings_LegalSection	版权及法律声明
Resources_ShaderPackInstallTargetLocal	另存为
Resources_ShaderPackVersionsFilterEmpty	没有找到匹配的光影包版本
Dialog_DeleteMultipleModsMessageFormat	确认删除这 {0} 个模组吗？将优先移入系统回收站；回收站不可用时将直接删除。
GameSettings_ExportPackSavesLabel	导出配置
Settings_ThemeFollowSystemLabel	跟随系统设置
GameSettings_ExportTypeModrinth	Modrinth
Settings_AddMinecraftDirectoryConfirmButton	添加
Resources_ShaderPackFilterTypeVanillaLike	原版风格
Status_MicrosoftReauthenticationAccountMismatch	登录的 Microsoft 账户与当前账户不一致。
Status_ModpackInsufficientDiskSpace	磁盘剩余空间不足，无法安全导入此整合包
Multiplayer_Create_TerracottaAttributionPrefix	联机功能由 
Settings_OpenMinecraftDirectoryButton	打开目录
Dialog_LaunchStatusUnknownExitCode	未知
GameSettings_ShaderPackManagementInfoSection	光影包概览
Resources_ResourcePackVersionsAllTitle	全部版本
Dialog_RenameAccountBusySubtitle	请稍等，正在处理账户名修改。
Status_ClearLauncherBackgroundImagesFailed	无法清除启动器背景图片，请检查文件权限后重试。
Account_ThirdPartyServerInvalid	认证服务器地址无效
Dialog_LaunchAnalysisGameFileIntegrityFinalLaunchPlanInvalidRecommendation	请检查自定义 JVM 和游戏启动参数，并修复或重新安装该实例。
Status_MicrosoftLoginNotConfigured	此版本未配置 StartRide Launcher 的 Microsoft 应用身份，无法进行正版登录。
Resources_ModFilterTypeStorage	存储
Resources_SectionResourcePacks	资源包
Settings_CustomFileDownloadNewTaskButton	新建任务
Resources_ResourcePackFilterTypeSimplistic	简洁
Status_InstallDownloadingJava	正在下载 Java 运行环境...
Settings_ChangeMinecraftDirectoryButton	更改目录
Settings_DiagnosticLoggingLabel	诊断日志
Download_LocalImportTaskTitle	整合包导入
Dialog_DeleteSavesTitle	删除存档
Resources_ModpackVersionsLoadMoreError	加载更多整合包版本失败，请稍后重试。
Status_InstallStartingDownload	正在开始下载
Resources_ModDownloadFileExistsMessageFormat	下载位置已存在同名文件：{0}
Account_ManageSkinButton	管理皮肤
SelectAll_Button	全选
Status_OpenFeedbackPageFailed	打开反馈页面失败，请稍后重试。
Download_LoaderVersionLoadFailedShort	获取失败
Multiplayer_Create_TerracottaProtocolFailed	Terracotta 联机服务异常，请关闭其他 Terracotta 实例后重试。
FilePicker_LaunchDiagnosticExportTitle	导出游戏异常报告
Multiplayer_LobbyLatencyUnknown	—
GameSettings_DetailLoader	加载器
GameSettings_DropImportModsMessage	释放以导入模组
Status_OpenTerracottaProjectFailed	无法打开 Terracotta 项目页面，请检查系统浏览器设置后重试。
GameSettings_DetailLaunch	启动与内存
Dialog_LaunchAnalysisCurrentInstance	当前实例
Resources_ModVersionsEmpty	没有适用于该游戏的模组版本
Resources_ModpackProjectsNoMore	没有更多整合包
Resources_ResourcePackInstallTargetLocal	另存为
Settings_MemoryOptionFormat	{0} MB
FilePicker_ModpackExportArchiveTitle	保存 CurseForge 整合包
Dialog_LaunchAnalysisJavaVersionTitle	Java 版本不满足要求
Status_AddingSkin	正在添加皮肤...
Resources_ModDetailsVersionLabel	支持版本
Multiplayer_LobbyTitleFormat	{0}的游戏房间
Account_ThirdPartyInvalidCredentials	用户名或密码错误
Status_CustomFileDownloading	正在下载...
Resources_ModFilterTypeDecoration	装饰
Multiplayer_SectionCreateLobby	创建房间
Status_SkinDeleteFailed	删除皮肤失败，请稍后重试。
Status_ModpackParsingManifest	正在解析整合包清单
Settings_BackgroundOpacityLabel	启动器背景不透明度
Dialog_DeleteShaderPacksTitle	删除光影包
GameSettings_ModManagementInstalledSummaryFormat	当前游戏已安装 {0} 个模组，已启用 {1} 个
Resources_ModpackVersionsEmpty	没有可用的整合包版本
Settings_ControlDemoTextBoxLabel	文本输入框
Dialog_CustomFileDownloadAddressValidation	请输入有效的 HTTP 或 HTTPS 文件地址。
Resources_ResourcePackFilterTypeRealistic	真实
Status_ModpackInstallingMinecraftBase	正在安装 Minecraft 基础文件
FilePicker_ShaderPackArchiveTitle	选择光影包压缩包
Resources_ShaderPackVersionsLoadingMore	正在加载更多光影包版本...
Resources_WorldVersionsFilterEmpty	没有找到匹配的世界版本
Settings_SectionLanguage	语言
Status_LaunchOfflineSkinUnavailable	游戏已启动，但离线皮肤加载失败，本次将使用默认皮肤。
GameSettings_ResourcePackManagementListSection	资源包列表
Resources_ModRequiredDependencyInstallVersionFormat	将安装：{0}
Settings_ControlChoiceList	选择列表
Status_ModrinthResultsFoundFormat	找到 {0} 个资源
Home_NoVersionSelected	未选择游戏版本
Resources_ShaderPackFilterTypeCursed	怪奇
Status_OpenLocalResourcePackLocationFailed	打开资源包文件位置失败，请稍后重试。
Status_ModInstalledFormat	{0} 已安装
Dialog_UserAgreementTitle	用户协议
Dialog_JavaCompatibilityNotMetMessageFormat	自动选择 Java 时没有找到满足当前游戏及加载器兼容要求的 Java（推荐 Java {0}）。请到设置中刷新或导入合适的 Java 后再启动游戏。
Account_SkinHeader	皮肤
Status_MicrosoftReauthenticationSuccessful	正版账户重新登录成功，正在继续启动。
Status_NoOtherLauncherBackgroundImages	没有找到其他可用的背景图片。
Multiplayer_Join_StepEnterRoomCode	第一步：输入由房主提供的房间代码。
Status_TerracottaDownloadFailed	联机模块下载或校验失败，请检查网络后重试。
Dialog_LaunchAnalysisGameFileIntegrityDownloadFailedRecommendation	请检查网络连接和下载源设置后重试。
Multiplayer_Create_LobbyFailed	创建房间失败，请稍后重试。
Status_OpenGithubRepositoryFailed	打开 GitHub 仓库失败
Account_SkinModelClassicTitle	默认
Status_SelectedModsDisablePartialFailedFormat	已禁用 {0} 个模组，{1} 个失败
Status_ModpackImportFailed	导入整合包失败
Resources_WorldFilterTypeParkour	跑酷
GameSettings_IconGrassBlock	草方块
Multiplayer_Join_RoomCodeSection	输入房间代码
Status_LaunchStartingProcess	正在启动游戏进程...
Dialog_LaunchAnalysisJavaVersionDetailFormat	{0} 需要 Java {1} 或更高，但当前实例使用的是 Java {2}。
Status_OpenMinecraftDirectoryFailed	打开 .minecraft 目录失败，请稍后重试。
MicrosoftLogin_BrowserCompletionHeading	身份验证已完成。
Dialog_OfflineUuidModeChangeTitle	更改 UUID 生成方式
Account_ThirdPartyServerUnavailable	无法连接认证服务器
Download_QuiltLibraryNone	不安装
Settings_ViewLegalDocumentButton	查看
Multiplayer_Create_StepCreateLobby	第三步：返回启动器，点击“创建房间”。
Settings_OpenSourceLicenseDescription	本软件依据 GNU GPL v3（GPL-3.0-only）发布
Status_BackupRestored	备份已恢复
Dialog_CreateBackupNameLabel	备份名称
Status_WorldDownloadedFormat	{0} 已下载
Settings_DiagnosticLoggingDescription	记录逐文件、逐请求和性能细节。仅在排查问题时启用。
Account_ThirdPartyPasswordRequired	请输入密码
FilePicker_ShaderPackDownloadDirectoryTitle	选择光影包下载目录
Status_ResourcePackDownloading	正在下载资源包...
Nav_Maps	地图
FilePicker_LaunchDiagnosticExportFilter	ZIP 压缩包 (*.zip)|*.zip
Download_FabricLoaderTitle	Fabric
Cape_UnnamedDisplayName	未命名披风
Settings_AccentColorPurpleTitle	紫色 Purple
Resources_ResourcePackVersionsFilterEmpty	没有找到匹配的资源包版本
GameSettings_ExportAuthorLabel	作者
Dialog_FeedbackFeatureSuggestionsButton	新功能建议
Status_ModpackPreparingArchive	正在准备整合包文件
Status_DefaultInstanceSetFormat	{0} 已设为默认游戏
Account_ThirdPartyCredentialStorageFailed	无法保存登录信息
Dialog_LaunchStatusDiagnosticDirectoryHint	可查看当前可用报告，或将它们导出为压缩包。
Settings_LauncherVersionUnknown	未知版本
App_Title	StartRide Launcher
Status_SelectedShaderPacksDeletePartialFailedFormat	已删除 {0} 个光影包，{1} 个失败
Multiplayer_Join_StepJoinLobby	第二步：点击“加入房间”。
Account_ProfileLoaded	正版账户资料已加载
Dialog_MultiplayerLanWorldDetectionMessage	正在检测局域网世界，请在游戏菜单中点击创建局域网世界。
Status_MinecraftDirectoryRemovedFromList	已从列表中移除 .minecraft 目录。
Dialog_LaunchStatusInitializationFailedTitle	游戏初始化过程中崩溃
Resources_ModInstallTargetSection	选择要安装到的游戏
Dialog_MultiplayerLeaveJoinedLobbyTitle	离开房间？
Status_MinecraftDirectoryChangeFailed	更改 .minecraft 目录失败，请稍后重试。
Resources_WorldFilterTypeGameMap	游戏地图
Resources_ModSourceCurseForge	CurseForge
Dialog_TerracottaDownloading	正在下载联机模块…
Dialog_LaunchAnalysisGameFileIntegrityTitle	游戏文件完整性检查失败
Resources_ResourcePackProjectsEmpty	没有找到匹配的资源包
Dialog_LaunchAnalysisUnknownTitle	可能原因
GameSettings_ShaderPackManagementListSection	光影包列表
Settings_JavaSection	Java
Settings_GeneralAccountSection	离线玩家
Download_LocalImportCategory	本地导入
Resources_ShaderPackVersionsLoadError	光影包版本加载失败
Dialog_OpenFileButton	打开文件
Resources_ResourcePackVersionsLoadingMore	正在加载更多资源包版本...
Status_SelectedSavesDeletePartialFailedFormat	已删除 {0} 个存档，{1} 个失败
GameSettings_ShaderPackManagementEmptyMessage	当前没有可用光影包
Resources_WorldProjectsLoading	正在加载世界...
GameSettings_DetailShaders	光影包
Resources_ModProjectsLoadMoreError	加载更多失败，请稍后重试。
Status_LaunchRuntimeAbnormalExit	游戏运行时异常退出，已记录诊断日志。
Settings_ControlDemoPrimaryButton	主按钮
Download_AlphaCategory	alpha版
Resources_ModCurseForgeMissingApiKey	未配置 CurseForge API Key，当前仅显示 Modrinth 结果。
Settings_MemorySizeMbFormat	{0} MB
Settings_LauncherLanguageLabel	启动器语言
Dialog_ViewLaunchReportButton	查看报告
Resources_ResourcePackProjectsLoadMoreError	加载更多资源包失败，请稍后重试。
Resources_ResourcePackFilterTypeThemed	主题
Resources_ModFilterTypeUtility	实用
Status_OpenUpdatePageFailed	打开更新页面失败
Account_CapeHeader	披风
Resources_ModFilterVersionLabel	版本
Settings_JavaSelectionManual	手动选择
Dialog_ModpackManualDownloadsMessageFormat	实例“{0}”已创建，但有 {1} 个文件下载失败。
